{
  "model": "SVM",
  "best_params": {
    "C": 10,
    "gamma": "scale",
    "kernel": "rbf"
  },
  "validation": {
    "accuracy": 0.8951707891637221,
    "precision_macro": 0.9005282138852074,
    "recall_macro": 0.8737025147137507,
    "f1_macro": 0.884136795280891,
    "precision_weighted": 0.8966814072819114,
    "recall_weighted": 0.8951707891637221,
    "f1_weighted": 0.8933598665035627,
    "confusion_matrix": [
      [
        511,
        23
      ],
      [
        66,
        249
      ]
    ],
    "classification_report": {
      "Real (0)": {
        "precision": 0.8856152512998267,
        "recall": 0.9569288389513109,
        "f1-score": 0.9198919891989199,
        "support": 534.0
      },
      "Fake (1)": {
        "precision": 0.9154411764705882,
        "recall": 0.7904761904761904,
        "f1-score": 0.848381601362862,
        "support": 315.0
      },
      "accuracy": 0.8951707891637221,
      "macro avg": {
        "precision": 0.9005282138852074,
        "recall": 0.8737025147137507,
        "f1-score": 0.884136795280891,
        "support": 849.0
      },
      "weighted avg": {
        "precision": 0.8966814072819114,
        "recall": 0.8951707891637221,
        "f1-score": 0.8933598665035627,
        "support": 849.0
      }
    },
    "precision_per_class": [
      0.8856152512998267,
      0.9154411764705882
    ],
    "recall_per_class": [
      0.9569288389513109,
      0.7904761904761904
    ],
    "f1_per_class": [
      0.9198919891989199,
      0.848381601362862
    ],
    "roc_auc": 0.9577968016170263,
    "average_precision": 0.9440045331055074
  },
  "test": {
    "accuracy": 0.8763250883392226,
    "precision_macro": 0.8753236519193965,
    "recall_macro": 0.8567683253076511,
    "f1_macro": 0.8643763778018156,
    "precision_weighted": 0.876093176747263,
    "recall_weighted": 0.8763250883392226,
    "f1_weighted": 0.8747603762450384,
    "confusion_matrix": [
      [
        498,
        36
      ],
      [
        69,
        246
      ]
    ],
    "classification_report": {
      "Real (0)": {
        "precision": 0.8783068783068783,
        "recall": 0.9325842696629213,
        "f1-score": 0.9046321525885559,
        "support": 534.0
      },
      "Fake (1)": {
        "precision": 0.8723404255319149,
        "recall": 0.780952380952381,
        "f1-score": 0.8241206030150754,
        "support": 315.0
      },
      "accuracy": 0.8763250883392226,
      "macro avg": {
        "precision": 0.8753236519193965,
        "recall": 0.8567683253076511,
        "f1-score": 0.8643763778018156,
        "support": 849.0
      },
      "weighted avg": {
        "precision": 0.876093176747263,
        "recall": 0.8763250883392226,
        "f1-score": 0.8747603762450384,
        "support": 849.0
      }
    },
    "precision_per_class": [
      0.8783068783068783,
      0.8723404255319149
    ],
    "recall_per_class": [
      0.9325842696629213,
      0.780952380952381
    ],
    "f1_per_class": [
      0.9046321525885559,
      0.8241206030150754
    ],
    "roc_auc": 0.948415670887581,
    "average_precision": 0.9276751761367176
  },
  "timestamp": "2026-02-01T15:16:19.524240"
}