{
  "model": "BiLSTM",
  "config": {
    "vocab_size": 22852,
    "embedding_dim": 256,
    "hidden_dim": 128,
    "num_layers": 2,
    "dropout": 0.3
  },
  "validation": {
    "accuracy": 0.8657243816254417,
    "precision_macro": 0.8549970640046975,
    "recall_macro": 0.8594078830033887,
    "f1_macro": 0.857062263705104,
    "precision_weighted": 0.8668025039993857,
    "recall_weighted": 0.8657243816254417,
    "f1_weighted": 0.8661388370283286,
    "confusion_matrix": [
      [
        472,
        62
      ],
      [
        52,
        263
      ]
    ],
    "classification_report": {
      "Real (0)": {
        "precision": 0.9007633587786259,
        "recall": 0.8838951310861424,
        "f1-score": 0.8922495274102079,
        "support": 534.0
      },
      "Fake (1)": {
        "precision": 0.8092307692307692,
        "recall": 0.834920634920635,
        "f1-score": 0.821875,
        "support": 315.0
      },
      "accuracy": 0.8657243816254417,
      "macro avg": {
        "precision": 0.8549970640046975,
        "recall": 0.8594078830033887,
        "f1-score": 0.857062263705104,
        "support": 849.0
      },
      "weighted avg": {
        "precision": 0.8668025039993857,
        "recall": 0.8657243816254417,
        "f1-score": 0.8661388370283286,
        "support": 849.0
      }
    },
    "precision_per_class": [
      0.9007633587786259,
      0.8092307692307692
    ],
    "recall_per_class": [
      0.8838951310861424,
      0.834920634920635
    ],
    "f1_per_class": [
      0.8922495274102079,
      0.821875
    ],
    "roc_auc": 0.9297009690268118,
    "average_precision": 0.8942879590014768
  },
  "test": {
    "accuracy": 0.872791519434629,
    "precision_macro": 0.8618007542426147,
    "recall_macro": 0.8695826645264848,
    "f1_macro": 0.8652380952380953,
    "precision_weighted": 0.8749536371773203,
    "recall_weighted": 0.872791519434629,
    "f1_weighted": 0.8734679454820797,
    "confusion_matrix": [
      [
        471,
        63
      ],
      [
        45,
        270
      ]
    ],
    "classification_report": {
      "Real (0)": {
        "precision": 0.9127906976744186,
        "recall": 0.8820224719101124,
        "f1-score": 0.8971428571428571,
        "support": 534.0
      },
      "Fake (1)": {
        "precision": 0.8108108108108109,
        "recall": 0.8571428571428571,
        "f1-score": 0.8333333333333334,
        "support": 315.0
      },
      "accuracy": 0.872791519434629,
      "macro avg": {
        "precision": 0.8618007542426147,
        "recall": 0.8695826645264848,
        "f1-score": 0.8652380952380953,
        "support": 849.0
      },
      "weighted avg": {
        "precision": 0.8749536371773203,
        "recall": 0.872791519434629,
        "f1-score": 0.8734679454820797,
        "support": 849.0
      }
    },
    "precision_per_class": [
      0.9127906976744186,
      0.8108108108108109
    ],
    "recall_per_class": [
      0.8820224719101124,
      0.8571428571428571
    ],
    "f1_per_class": [
      0.8971428571428571,
      0.8333333333333334
    ],
    "roc_auc": 0.9384578800309138,
    "average_precision": 0.9083421685806575
  },
  "training_history": {
    "best_val_f1": 0.867576428209867,
    "epochs_trained": 8
  },
  "timestamp": "2026-02-01T15:17:57.054577"
}