{
  "model": "PhoBERT",
  "config": {
    "model_name": "vinai/phobert-base",
    "dropout": 0.1,
    "learning_rate": 2e-05,
    "batch_size": 16
  },
  "validation": {
    "accuracy": 0.9104829210836278,
    "precision_macro": 0.9119248081143749,
    "recall_macro": 0.8949884073479579,
    "f1_macro": 0.9022055435652447,
    "precision_weighted": 0.9107765417153436,
    "recall_weighted": 0.9104829210836278,
    "f1_weighted": 0.909544594887212,
    "confusion_matrix": [
      [
        510,
        24
      ],
      [
        52,
        263
      ]
    ],
    "classification_report": {
      "Real (0)": {
        "precision": 0.9074733096085409,
        "recall": 0.9550561797752809,
        "f1-score": 0.9306569343065694,
        "support": 534.0
      },
      "Fake (1)": {
        "precision": 0.9163763066202091,
        "recall": 0.834920634920635,
        "f1-score": 0.8737541528239202,
        "support": 315.0
      },
      "accuracy": 0.9104829210836278,
      "macro avg": {
        "precision": 0.9119248081143749,
        "recall": 0.8949884073479579,
        "f1-score": 0.9022055435652447,
        "support": 849.0
      },
      "weighted avg": {
        "precision": 0.9107765417153436,
        "recall": 0.9104829210836278,
        "f1-score": 0.909544594887212,
        "support": 849.0
      }
    },
    "precision_per_class": [
      0.9074733096085409,
      0.9163763066202091
    ],
    "recall_per_class": [
      0.9550561797752809,
      0.834920634920635
    ],
    "f1_per_class": [
      0.9306569343065694,
      0.8737541528239202
    ],
    "roc_auc": 0.9595743415968134,
    "average_precision": 0.9404458434905079
  },
  "test": {
    "accuracy": 0.9057714958775029,
    "precision_macro": 0.9113715552739943,
    "recall_macro": 0.8860353130016052,
    "f1_macro": 0.8961023067980175,
    "precision_weighted": 0.907269839528738,
    "recall_weighted": 0.9057714958775029,
    "f1_weighted": 0.9042781848227561,
    "confusion_matrix": [
      [
        514,
        20
      ],
      [
        60,
        255
      ]
    ],
    "classification_report": {
      "Real (0)": {
        "precision": 0.8954703832752613,
        "recall": 0.9625468164794008,
        "f1-score": 0.927797833935018,
        "support": 534.0
      },
      "Fake (1)": {
        "precision": 0.9272727272727272,
        "recall": 0.8095238095238095,
        "f1-score": 0.864406779661017,
        "support": 315.0
      },
      "accuracy": 0.9057714958775029,
      "macro avg": {
        "precision": 0.9113715552739943,
        "recall": 0.8860353130016052,
        "f1-score": 0.8961023067980175,
        "support": 849.0
      },
      "weighted avg": {
        "precision": 0.907269839528738,
        "recall": 0.9057714958775029,
        "f1-score": 0.9042781848227561,
        "support": 849.0
      }
    },
    "precision_per_class": [
      0.8954703832752613,
      0.9272727272727272
    ],
    "recall_per_class": [
      0.9625468164794008,
      0.8095238095238095
    ],
    "f1_per_class": [
      0.927797833935018,
      0.864406779661017
    ],
    "roc_auc": 0.9578205814160871,
    "average_precision": 0.9505318891907806
  },
  "training_history": {
    "best_val_f1": 0.9022055435652447,
    "epochs_trained": 5
  },
  "timestamp": "2026-02-01T15:24:34.391659"
}